Date,Close
2010-01-04,11866.90039
2010-01-05,11888.09961
2010-01-06,11944.5
2010-01-07,11887.5
2010-01-08,11953.79981
2010-01-11,11947.09961
2010-01-12,11820.2002
2010-01-13,11853.59961
2010-01-14,11804.40039
2010-01-15,11685.40039
2010-01-18,11750.5
2010-01-19,11763.40039
2010-01-20,11679.29981
2010-01-21,11469.09961
2010-01-22,11343.40039
2010-01-25,11354.5
2010-01-26,11361.2002
2010-01-27,11344.09961
2010-01-28,11274.2002
2010-01-29,11094.29981
2010-02-01,11317.59961
2010-02-02,11408.29981
2010-02-03,11390.5
2010-02-04,11128.79981
2010-02-05,11223.09961
2010-02-08,11115.29981
2010-02-09,11274.2002
2010-02-10,11286.29981
2010-02-11,11435.5
2010-02-12,11469.79981
2010-02-16,11586.40039
2010-02-17,11635.5
2010-02-18,11694.79981
2010-02-19,11709.29981
2010-02-22,11634.79981
2010-02-23,11526.7002
2010-02-24,11521.79981
2010-02-25,11631.40039
2010-02-26,11629.59961
2010-03-01,11728.09961
2010-03-02,11828.29981
2010-03-03,11852.90039
2010-03-04,11825
2010-03-05,11975.09961
2010-03-08,11963.79981
2010-03-09,11918.7002
2010-03-10,11961.09961
2010-03-11,11979.7002
2010-03-12,12013.79981
2010-03-15,12008.79981
2010-03-16,12089.40039
2010-03-17,12100.7002
2010-03-18,12040
2010-03-19,11948
2010-03-22,11967.2002
2010-03-23,12044.5
2010-03-24,11963
2010-03-25,11958.09961
2010-03-26,11957.40039
2010-03-29,12029.7002
2010-03-30,12044.2002
2010-03-31,12037.7002
2010-04-01,12151.09961
2010-04-05,12186.40039
2010-04-06,12156.7002
2010-04-07,12110.90039
2010-04-08,12113.5
2010-04-09,12176.79981
2010-04-12,12148.7002
2010-04-13,12101.5
2010-04-14,12204.40039
2010-04-15,12211.5
2010-04-16,12070.7002
2010-04-19,12103
2010-04-20,12113.5
2010-04-21,12134.59961
2010-04-22,12160.90039
2010-04-23,12239.59961
2010-04-26,12281
2010-04-27,12146.7002
2010-04-28,12076.90039
2010-04-29,12200.29981
2010-04-30,12210.7002
2010-05-03,12196.5
2010-05-04,12030.90039
2010-05-05,11875.09961
2010-05-06,11842.40039
2010-05-07,11692.40039
2010-05-10,11947.90039
2010-05-11,12000.59961
2010-05-12,12196
2010-05-13,12116.59961
2010-05-14,12015
2010-05-17,11813
2010-05-18,11764.5
2010-05-19,11665.79981
2010-05-20,11406
2010-05-21,11521.40039
2010-05-25,11518.09961
2010-05-26,11543.90039
2010-05-27,11749.09961
2010-05-28,11671.40039
2010-05-31,11763
2010-06-01,11572
2010-06-02,11780.7002
2010-06-03,11811.90039
2010-06-04,11569.59961
2010-06-07,11504.7002
2010-06-08,11517.2002
2010-06-09,11450.59961
2010-06-10,11635.90039
2010-06-11,11666.90039
2010-06-14,11667.29981
2010-06-15,11907.5
2010-06-16,11921.09961
2010-06-17,11946
2010-06-18,11927.59961
2010-06-21,11936.09961
2010-06-22,11797.90039
2010-06-23,11807.5
2010-06-24,11670.2002
2010-06-25,11707.90039
2010-06-28,11607
2010-06-29,11263.79981
2010-06-30,11294.40039
2010-07-02,11196.09961
2010-07-05,11092.5
2010-07-06,11200.2002
2010-07-07,11397.29981
2010-07-08,11433.40039
2010-07-09,11570.5
2010-07-12,11565.79981
2010-07-13,11672.79981
2010-07-14,11620.2002
2010-07-15,11741.79981
2010-07-16,11569.7002
2010-07-19,11543.5
2010-07-20,11629.90039
2010-07-21,11513.29981
2010-07-22,11667.79981
2010-07-23,11714.2002
2010-07-26,11746.09961
2010-07-27,11716.7002
2010-07-28,11696.59961
2010-07-29,11728.59961
2010-07-30,11713.40039
2010-08-03,11782.59961
2010-08-04,11845.09961
2010-08-05,11774.79981
2010-08-06,11800
2010-08-09,11863.59961
2010-08-10,11838.29981
2010-08-11,11582.2002
2010-08-12,11523.59961
2010-08-13,11528.29981
2010-08-16,11552.79981
2010-08-17,11728.59961
2010-08-18,11781.09961
2010-08-19,11710.2002
2010-08-20,11722.09961
2010-08-23,11718.59961
2010-08-24,11557.40039
2010-08-25,11648.09961
2010-08-26,11653.2002
2010-08-27,11879.7002
2010-08-30,11895.59961
2010-08-31,11913.90039
2010-09-01,12003.79981
2010-09-02,12111.09961
2010-09-03,12144.90039
2010-09-07,12102
2010-09-08,12042.29981
2010-09-09,12033.5
2010-09-10,12097.09961
2010-09-13,12149.90039
2010-09-14,12193
2010-09-15,12144.79981
2010-09-16,12173.40039
2010-09-17,12164.59961
2010-09-20,12234.5
2010-09-21,12170.59961
2010-09-22,12147.29981
2010-09-23,12101.79981
2010-09-24,12204.90039
2010-09-27,12190.59961
2010-09-28,12278.90039
2010-09-29,12382.79981
2010-09-30,12368.7002
2010-10-01,12363.09961
2010-10-04,12322.90039
2010-10-05,12498
2010-10-06,12501.7002
2010-10-07,12445.90039
2010-10-08,12535.59961
2010-10-12,12575.59961
2010-10-13,12673.29981
2010-10-14,12619.7002
2010-10-15,12609.09961
2010-10-18,12668
2010-10-19,12570.59961
2010-10-20,12649.90039
2010-10-21,12599.2002
2010-10-22,12601.2002
2010-10-25,12663.59961
2010-10-26,12684.7002
2010-10-27,12567.29981
2010-10-28,12564.09961
2010-10-29,12676.2002
2010-11-01,12664.79981
2010-11-02,12681.40039
2010-11-03,12671.09961
2010-11-04,12878.79981
2010-11-05,12925.09961
2010-11-08,13052.5
2010-11-09,12916.59961
2010-11-10,12942.59961
2010-11-11,12934.7002
2010-11-12,12749.2002
2010-11-15,12735.40039
2010-11-16,12602.2002
2010-11-17,12657.79981
2010-11-18,12870
2010-11-19,12956.29981
2010-11-22,12929
2010-11-23,12793.79981
2010-11-24,12902
2010-11-25,12945.79981
2010-11-26,12892.7002
2010-11-29,12895.7002
2010-11-30,12952.90039
2010-12-01,13148.40039
2010-12-02,13163.5
2010-12-03,13179
2010-12-06,13276
2010-12-07,13250.7002
2010-12-08,13152
2010-12-09,13166.90039
2010-12-10,13239.5
2010-12-13,13295.90039
2010-12-14,13280.09961
2010-12-15,13229.09961
2010-12-16,13181.2002
2010-12-17,13201.5
2010-12-20,13193.29981
2010-12-21,13365.2002
2010-12-22,13380.7002
2010-12-23,13371.2002
2010-12-24,13383.2002
2010-12-29,13449.2002
2010-12-30,13434.40039
2010-12-31,13443.2002
2011-01-04,13402.29981
2011-01-05,13396
2011-01-06,13311.7002
2011-01-07,13272.29981
2011-01-10,13245.09961
2011-01-11,13401.09961
2011-01-12,13460.2002
2011-01-13,13401.5
2011-01-14,13464.09961
2011-01-17,13440.09961
2011-01-18,13559.2002
2011-01-19,13439
2011-01-20,13331.29981
2011-01-21,13258.59961
2011-01-24,13347.59961
2011-01-25,13259.59961
2011-01-26,13465.79981
2011-01-27,13410.2002
2011-01-28,13437.59961
2011-01-31,13552
2011-02-01,13712.59961
2011-02-02,13680.29981
2011-02-03,13841.40039
2011-02-04,13791.90039
2011-02-07,13811.90039
2011-02-08,13892.5
2011-02-09,13784.29981
2011-02-10,13840.59961
2011-02-11,13766.79981
2011-02-14,13910.79981
2011-02-15,13929.40039
2011-02-16,14059.2002
2011-02-17,14136.2002
2011-02-18,14123.09961
2011-02-22,13963.7002
2011-02-23,13956.2002
2011-02-24,13867.29981
2011-02-25,14052.09961
2011-02-28,14136.5
2011-03-01,14122.90039
2011-03-02,14144
2011-03-03,14214.7002
2011-03-04,14252.79981
2011-03-07,14092.40039
2011-03-08,14013
2011-03-09,13884.7002
2011-03-10,13638.59961
2011-03-11,13674.29981
2011-03-14,13619.2002
2011-03-15,13547
2011-03-16,13524.79981
2011-03-17,13746.2002
2011-03-18,13789.59961
2011-03-21,14013.7002
2011-03-22,14000
2011-03-23,14087.2002
2011-03-24,14029.40039
2011-03-25,14039.40039
2011-03-28,13892.7002
2011-03-29,13930.40039
2011-03-30,14083.59961
2011-03-31,14116.09961
2011-04-01,14130.2002
2011-04-04,14218.40039
2011-04-05,14270.5
2011-04-06,14202.7002
2011-04-07,14107.79981
2011-04-08,14208.40039
2011-04-11,13996.90039
2011-04-12,13801.40039
2011-04-13,13833.59961
2011-04-14,13821.79981
2011-04-15,13799.09961
2011-04-18,13702.29981
2011-04-19,13736.79981
2011-04-20,13897.5
2011-04-21,13972
2011-04-25,13907.29981
2011-04-26,13909.09961
2011-04-27,13892.59961
2011-04-28,13894.40039
2011-04-29,13944.79981
2011-05-02,13934.5
2011-05-03,13692.40039
2011-05-04,13611.29981
2011-05-05,13455.40039
2011-05-06,13566.59961
2011-05-09,13677.09961
2011-05-10,13642.09961
2011-05-11,13419.7002
2011-05-12,13389.40039
2011-05-13,13377.2002
2011-05-16,13391.40039
2011-05-17,13441.09961
2011-05-18,13607.29981
2011-05-19,13625.09961
2011-05-20,13652.29981
2011-05-24,13595.09961
2011-05-25,13751.5
2011-05-26,13775.90039
2011-05-27,13797.59961
2011-05-30,13829.7002
2011-05-31,13802.90039
2011-06-01,13527.90039
2011-06-02,13519.5
2011-06-03,13517.90039
2011-06-06,13318.7002
2011-06-07,13282.90039
2011-06-08,13183.79981
2011-06-09,13255.7002
2011-06-10,13084
2011-06-13,12939.7002
2011-06-14,13097.79981
2011-06-15,12972
2011-06-16,12853.09961
2011-06-17,12790
2011-06-20,12857.7002
2011-06-21,13063.29981
2011-06-22,13060.59961
2011-06-23,12979.59961
2011-06-24,12908.90039
2011-06-27,12966.5
2011-06-28,13105
2011-06-29,13188.90039
2011-06-30,13300.90039
2011-07-04,13386.5
2011-07-05,13425.29981
2011-07-06,13403.09961
2011-07-07,13406
2011-07-08,13371.7002
2011-07-11,13179.79981
2011-07-12,13234.09961
2011-07-13,13324.90039
2011-07-14,13252.90039
2011-07-15,13299.5
2011-07-18,13254.09961
2011-07-19,13332.90039
2011-07-20,13340.79981
2011-07-21,13434.29981
2011-07-22,13494.59961
2011-07-25,13436
2011-07-26,13300.59961
2011-07-27,13032.7002
2011-07-28,13047.79981
2011-07-29,12945.59961
2011-08-02,12752.29981
2011-08-03,12816
2011-08-04,12380.09961
2011-08-05,12162.2002
2011-08-08,11671
2011-08-09,12109.29981
2011-08-10,12198.90039
2011-08-11,12539.79981
2011-08-12,12542.2002
2011-08-15,12683.59961
2011-08-16,12530.7002
2011-08-17,12579.59961
2011-08-18,12186.7002
2011-08-19,12007.5
2011-08-22,12068.40039
2011-08-23,12338.29981
2011-08-24,12343.79981
2011-08-25,12284.29981
2011-08-26,12327.5
2011-08-29,12504.90039
2011-08-30,12634.7002
2011-08-31,12768.7002
2011-09-01,12700.7002
2011-09-02,12602.40039
2011-09-06,12518.5
2011-09-07,12720.59961
2011-09-08,12684
2011-09-09,12387.5
2011-09-12,12148.79981
2011-09-13,12205.5
2011-09-14,12293.40039
2011-09-15,12424.79981
2011-09-16,12263.7002
2011-09-19,12172
2011-09-20,12209.90039
2011-09-21,11955
2011-09-22,11562.5
2011-09-23,11462.90039
2011-09-26,11707.2002
2011-09-27,11821.09961
2011-09-28,11585.90039
2011-09-29,11686.29981
2011-09-30,11623.79981
2011-10-03,11251.79981
2011-10-04,11177.90039
2011-10-05,11457.2002
2011-10-06,11780.09961
2011-10-07,11588.40039
2011-10-11,11875.59961
2011-10-12,12030
2011-10-13,11911.90039
2011-10-14,12081.7002
2011-10-17,11923
2011-10-18,12053.09961
2011-10-19,11849.5
2011-10-20,11830.29981
2011-10-21,11949.5
2011-10-24,12162.29981
2011-10-25,12109.79981
2011-10-26,12186.09961
2011-10-27,12465.40039
2011-10-28,12519.5
2011-10-31,12252.09961
2011-11-01,12115.09961
2011-11-02,12241.79981
2011-11-03,12468.40039
2011-11-04,12408.29981
2011-11-07,12462
2011-11-08,12488.90039
2011-11-09,12156.2002
2011-11-10,12108.90039
2011-11-11,12276.90039
2011-11-14,12224.2002
2011-11-15,12229.29981
2011-11-16,12174.40039
2011-11-17,11915.40039
2011-11-18,11892.40039
2011-11-21,11784.7002
2011-11-22,11795.2002
2011-11-23,11571.7002
2011-11-24,11485.29981
2011-11-25,11462.09961
2011-11-28,11640.2002
2011-11-29,11732.5
2011-11-30,12204.09961
2011-12-01,12113.29981
2011-12-02,12075.09961
2011-12-05,12119.29981
2011-12-06,12081.29981
2011-12-07,12148.7002
2011-12-08,11951.79981
2011-12-09,12034.79981
2011-12-12,11907.90039
2011-12-13,11759.90039
2011-12-14,11543.09961
2011-12-15,11504.40039
2011-12-16,11635.40039
2011-12-19,11539.7002
2011-12-20,11716.90039
2011-12-21,11753.5
2011-12-22,11876.5
2011-12-23,11926.7002
2011-12-28,11728.40039
2011-12-29,11841.7002
2011-12-30,11955.09961
2012-01-03,12208.40039
2012-01-04,12226.5
2012-01-05,12237.40039
2012-01-06,12188.59961
2012-01-09,12196.7002
2012-01-10,12270.7002
2012-01-11,12260.90039
2012-01-12,12274.29981
2012-01-13,12231.09961
2012-01-16,12258.59961
2012-01-17,12232.79981
2012-01-18,12327.5
2012-01-19,12380.7002
2012-01-20,12397.09961
2012-01-23,12521.7002
2012-01-24,12395.2002
2012-01-25,12539.2002
2012-01-26,12464.29981
2012-01-27,12466.5
2012-01-30,12436.40039
2012-01-31,12452.2002
2012-02-01,12517.7002
2012-02-02,12553.5
2012-02-03,12577.29981
2012-02-06,12559.90039
2012-02-07,12512.40039
2012-02-08,12521
2012-02-09,12497.90039
2012-02-10,12389.40039
2012-02-13,12398.7002
2012-02-14,12354.5
2012-02-15,12362
2012-02-16,12485.59961
2012-02-17,12458.29981
2012-02-21,12623.40039
2012-02-22,12701.29981
2012-02-23,12731.29981
2012-02-24,12725.79981
2012-02-27,12700.40039
2012-02-28,12740.5
2012-02-29,12644
2012-03-01,12723.5
2012-03-02,12643.79981
2012-03-05,12524
2012-03-06,12298.59961
2012-03-07,12350.2002
2012-03-08,12461.90039
2012-03-09,12503.59961
2012-03-12,12428
2012-03-13,12537.7002
2012-03-14,12377.90039
2012-03-15,12455.79981
2012-03-16,12497
2012-03-19,12479.7002
2012-03-20,12430.7002
2012-03-21,12436.5
2012-03-22,12361.79981
2012-03-23,12465.7002
2012-03-26,12574.79981
2012-03-27,12512
2012-03-28,12413.90039
2012-03-29,12339.40039
2012-03-30,12392.2002
2012-04-02,12507.09961
2012-04-03,12323.59961
2012-04-04,12178.7002
2012-04-05,12103.09961
2012-04-09,12018.5
2012-04-10,11935.29981
2012-04-11,12026.79981
2012-04-12,12214.7002
2012-04-13,12040.40039
2012-04-16,12037.59961
2012-04-17,12136.90039
2012-04-18,12128.90039
2012-04-19,12153.7002
2012-04-20,12147.29981
2012-04-23,11989
2012-04-24,11980.09961
2012-04-25,12111.09961
2012-04-26,12145.90039
2012-04-27,12237.79981
2012-04-30,12292.7002
2012-05-01,12332.79981
2012-05-02,12230.09961
2012-05-03,12014.90039
2012-05-04,11871.2002
2012-05-07,11860.7002
2012-05-08,11704.7002
2012-05-09,11675
2012-05-10,11736.2002
2012-05-11,11694.7002
2012-05-14,11488.5
2012-05-15,11343.09961
2012-05-16,11326.09961
2012-05-17,11330.7002
2012-05-18,11280.59961
2012-05-22,11451.79981
2012-05-23,11564.79981
2012-05-24,11566.09961
2012-05-25,11576.5
2012-05-28,11566.2002
2012-05-29,11609.29981
2012-05-30,11433.2002
2012-05-31,11513.2002
2012-06-01,11361.2002
2012-06-04,11335.79981
2012-06-05,11507.7002
2012-06-06,11633.40039
2012-06-07,11592.09961
2012-06-08,11500.59961
2012-06-11,11401.79981
2012-06-12,11497.29981
2012-06-13,11497.90039
2012-06-14,11466.40039
2012-06-15,11524.90039
2012-06-18,11601.09961
2012-06-19,11788.40039
2012-06-20,11759.29981
2012-06-21,11408.29981
2012-06-22,11435.5
2012-06-25,11330.40039
2012-06-26,11334.40039
2012-06-27,11410.90039
2012-06-28,11424.7002
2012-06-29,11596.59961
2012-07-03,11848.79981
2012-07-04,11913.90039
2012-07-05,11817
2012-07-06,11660
2012-07-09,11634.7002
2012-07-10,11512.2002
2012-07-11,11544.59961
2012-07-12,11425.5
2012-07-13,11514.5
2012-07-16,11521.2002
2012-07-17,11571.2002
2012-07-18,11579.2002
2012-07-19,11665.7002
2012-07-20,11622.90039
2012-07-23,11545.5
2012-07-24,11467
2012-07-25,11492.5
2012-07-26,11639.79981
2012-07-27,11766.40039
2012-07-30,11757.90039
2012-07-31,11664.7002
2012-08-01,11618.5
2012-08-02,11506.5
2012-08-03,11662.59961
2012-08-07,11863.5
2012-08-08,11781
2012-08-09,11858.09961
2012-08-10,11890.90039
2012-08-13,11838.29981
2012-08-14,11853.59961
2012-08-15,11905.40039
2012-08-16,12032.59961
2012-08-17,12089.90039
2012-08-20,12076
2012-08-21,12116.90039
2012-08-22,12119
2012-08-23,12062.5
2012-08-24,12082.2002
2012-08-27,12048.79981
2012-08-28,12009.90039
2012-08-29,12009.79981
2012-08-30,11886.7002
2012-08-31,11949.29981
2012-09-04,11941.7002
2012-09-05,11990.09961
2012-09-06,12139.7002
2012-09-07,12268
2012-09-10,12215.40039
2012-09-11,12220.5
2012-09-12,12232.59961
2012-09-13,12360.2002
2012-09-14,12499.5
2012-09-17,12446.90039
2012-09-18,12422.7002
2012-09-19,12436.2002
2012-09-20,12409.29981
2012-09-21,12383.59961
2012-09-24,12313.5
2012-09-25,12257.2002
2012-09-26,12232.90039
2012-09-27,12338.90039
2012-09-28,12317.5
2012-10-01,12370.2002
2012-10-02,12391.2002
2012-10-03,12359.5
2012-10-04,12447.7002
2012-10-05,12419
2012-10-09,12273.59961
2012-10-10,12212.40039
2012-10-11,12234
2012-10-12,12202
2012-10-15,12230
2012-10-16,12407.7002
2012-10-17,12461.29981
2012-10-18,12466.09961
2012-10-19,12416
2012-10-22,12403.5
2012-10-23,12225.79981
2012-10-24,12195
2012-10-25,12300.2002
2012-10-26,12300.29981
2012-10-29,12312.79981
2012-10-30,12377
2012-10-31,12422.90039
2012-11-01,12499.79981
2012-11-02,12380.40039
2012-11-05,12352.79981
2012-11-06,12361.2002
2012-11-07,12230.59961
2012-11-08,12191.09961
2012-11-09,12196.79981
2012-11-12,12191.5
2012-11-13,12134.7002
2012-11-14,11929.79981
2012-11-15,11811.40039
2012-11-16,11877.7002
2012-11-19,12040.40039
2012-11-20,12046.29981
2012-11-21,12100.09961
2012-11-22,12153.09961
2012-11-23,12213.2002
2012-11-26,12185.09961
2012-11-27,12111.59961
2012-11-28,12140.29981
2012-11-29,12202.90039
2012-11-30,12239.40039
2012-12-03,12169.7002
2012-12-04,12137.2002
2012-12-05,12157.29981
2012-12-06,12151.09961
2012-12-07,12159.59961
2012-12-10,12230.5
2012-12-11,12282.40039
2012-12-12,12353.09961
2012-12-13,12289.2002
2012-12-14,12296.7002
2012-12-17,12281.40039
2012-12-18,12334.29981
2012-12-19,12403.59961
2012-12-20,12388.7002
2012-12-21,12385.7002
2012-12-24,12370.79981
2012-12-27,12373.79981
2012-12-28,12316.09961
2012-12-31,12433.5
2013-01-02,12540.79981
2013-01-03,12470.40039
2013-01-04,12540.79981
2013-01-07,12499.59961
2013-01-08,12504.79981
2013-01-09,12522.2002
2013-01-10,12599.7002
2013-01-11,12602.2002
2013-01-14,12603.09961
2013-01-15,12642
2013-01-16,12608.79981
2013-01-17,12674.7002
2013-01-18,12725.7002
2013-01-21,12794.29981
2013-01-22,12824.59961
2013-01-23,12794.09961
2013-01-24,12823.59961
2013-01-25,12816.59961
2013-01-28,12815.90039
2013-01-29,12830.59961
2013-01-30,12794.40039
2013-01-31,12685.2002
2013-02-01,12768.79981
2013-02-04,12717.59961
2013-02-05,12745.7002
2013-02-06,12761.59961
2013-02-07,12755.90039
2013-02-08,12801.2002
2013-02-11,12748.2002
2013-02-12,12789
2013-02-13,12775.29981
2013-02-14,12721.79981
2013-02-15,12686.59961
2013-02-19,12810.2002
2013-02-20,12714.09961
2013-02-21,12640
2013-02-22,12701.59961
2013-02-25,12650.90039
2013-02-26,12660.40039
2013-02-27,12732.40039
2013-02-28,12821.79981
2013-03-01,12773.09961
2013-03-04,12707.40039
2013-03-05,12736
2013-03-06,12832
2013-03-07,12826.5
2013-03-08,12835.59961
2013-03-11,12858.5
2013-03-12,12878.59961
2013-03-13,12744.09961
2013-03-14,12799.90039
2013-03-15,12830
2013-03-18,12781.79981
2013-03-19,12773.90039
2013-03-20,12826.59961
2013-03-21,12747.90039
2013-03-22,12757.40039
2013-03-25,12680.7002
2013-03-26,12706.40039
2013-03-27,12699.7002
2013-03-28,12749.90039
2013-04-01,12695.09961
2013-04-02,12682.09961
2013-04-03,12422.09961
2013-04-04,12363.09961
2013-04-05,12331.90039
2013-04-08,12344.59961
2013-04-09,12484.09961
2013-04-10,12534.90039
2013-04-11,12481.40039
2013-04-12,12337.59961
2013-04-15,12004.90039
2013-04-16,12119.90039
2013-04-17,11947.29981
2013-04-18,11996.29981
2013-04-19,12065.59961
2013-04-22,12090.7002
2013-04-23,12090.90039
2013-04-24,12270.40039
2013-04-25,12329.5
2013-04-26,12220.2002
2013-04-29,12312.7002
2013-04-30,12456.5
2013-05-01,12321.29981
2013-05-02,12379.59961
2013-05-03,12438
2013-05-06,12453.90039
2013-05-07,12464.09961
2013-05-08,12585
2013-05-09,12543.90039
2013-05-10,12589.09961
2013-05-13,12529.5
2013-05-14,12577
2013-05-15,12473.7002
2013-05-16,12507.59961
2013-05-17,12613
2013-05-21,12742.40039
2013-05-22,12752.5
2013-05-23,12658.09961
2013-05-24,12667.2002
2013-05-27,12696.40039
2013-05-28,12750.5
2013-05-29,12732.59961
2013-05-30,12746.5
2013-05-31,12650.40039
2013-06-03,12609.79981
2013-06-04,12594
2013-06-05,12443.7002
2013-06-06,12409.29981
2013-06-07,12373.29981
2013-06-10,12382.7002
2013-06-11,12223.59961
2013-06-12,12109.90039
2013-06-13,12277.09961
2013-06-14,12187.40039
2013-06-17,12288.90039
2013-06-18,12367.5
2013-06-19,12268.29981
2013-06-20,11968.59961
2013-06-21,11995.7002
2013-06-24,11836.90039
2013-06-25,12005.40039
2013-06-26,11951.90039
2013-06-27,12005.79981
2013-06-28,12129.09961
2013-07-02,12178.40039
2013-07-03,12145.7002
2013-07-04,12166.7002
2013-07-05,12134.90039
2013-07-08,12208.90039
2013-07-09,12297.09961
2013-07-10,12306.90039
2013-07-11,12493.29981
2013-07-12,12462.2002
2013-07-15,12528.29981
2013-07-16,12516.90039
2013-07-17,12568.79981
2013-07-18,12628.79981
2013-07-19,12685.09961
2013-07-22,12758.40039
2013-07-23,12745.40039
2013-07-24,12672.29981
2013-07-25,12669.09961
2013-07-26,12647.90039
2013-07-29,12669
2013-07-30,12581.79981
2013-07-31,12486.59961
2013-08-01,12594
2013-08-02,12603.29981
2013-08-06,12469.29981
2013-08-07,12412.7002
2013-08-08,12552.90039
2013-08-09,12542.09961
2013-08-12,12594.29981
2013-08-13,12642.2002
2013-08-14,12639.29981
2013-08-15,12704.5
2013-08-16,12736.90039
2013-08-19,12588
2013-08-20,12670.09961
2013-08-21,12573.09961
2013-08-22,12674.40039
2013-08-23,12762.29981
2013-08-26,12760.29981
2013-08-27,12591.2002
2013-08-28,12607.2002
2013-08-29,12704.7002
2013-08-30,12653.90039
2013-09-03,12740.5
2013-09-04,12757.79981
2013-09-05,12845.09961
2013-09-06,12820.90039
2013-09-09,12854.59961
2013-09-10,12824.5
2013-09-11,12825.40039
2013-09-12,12701
2013-09-13,12723.40039
2013-09-16,12816.90039
2013-09-17,12834.09961
2013-09-18,12931.40039
2013-09-19,12926.79981
2013-09-20,12806.5
2013-09-23,12811.2002
2013-09-24,12848.90039
2013-09-25,12836.7002
2013-09-26,12841.59961
2013-09-27,12844.09961
2013-09-30,12787.2002
2013-10-01,12847.40039
2013-10-02,12839
2013-10-03,12735.09961
2013-10-04,12758.7002
2013-10-07,12788.29981
2013-10-08,12692.40039
2013-10-09,12730.29981
2013-10-10,12894.40039
2013-10-11,12892.09961
2013-10-15,12931.5
2013-10-16,12957.2002
2013-10-17,13036.40039
2013-10-18,13136.09961
2013-10-21,13186.5
2013-10-22,13248.09961
2013-10-23,13243.29981
2013-10-24,13324.79981
2013-10-25,13399.40039
2013-10-28,13371.79981
2013-10-29,13440.59961
2013-10-30,13455.29981
2013-10-31,13361.29981
2013-11-01,13337.5
2013-11-04,13361.79981
2013-11-05,13361.7002
2013-11-06,13380.40039
2013-11-07,13294.2002
2013-11-08,13378.29981
2013-11-11,13358.40039
2013-11-12,13326
2013-11-13,13370.7002
2013-11-14,13431.40039
2013-11-15,13482.59961
2013-11-18,13458.09961
2013-11-19,13442.79981
2013-11-20,13430
2013-11-21,13475.29981
2013-11-22,13478.29981
2013-11-25,13472.2002
2013-11-26,13349.79981
2013-11-27,13362.09961
2013-11-28,13370.79981
2013-11-29,13395.40039
2013-12-02,13419.59961
2013-12-03,13319.90039
2013-12-04,13304.90039
2013-12-05,13200.40039
2013-12-06,13280.7002
2013-12-09,13312.79981
2013-12-10,13324
2013-12-11,13133.40039
2013-12-12,13114.40039
2013-12-13,13125.7002
2013-12-16,13184.40039
2013-12-17,13180.2002
2013-12-18,13334.7002
2013-12-19,13392.2002
2013-12-20,13399.59961
2013-12-23,13447.7002
2013-12-24,13518
2013-12-27,13588
2013-12-30,13581.40039
2013-12-31,13621.59961
2014-01-02,13594.2002
2014-01-03,13548.90039
2014-01-06,13495.5
2014-01-07,13596.90039
2014-01-08,13614.59961
2014-01-09,13629.40039
2014-01-10,13747.5
2014-01-13,13681.5
2014-01-14,13692.40039
2014-01-15,13772.59961
2014-01-16,13831.59961
2014-01-17,13888.2002
2014-01-20,13990.29981
2014-01-21,13951.79981
2014-01-22,13988.2002
2014-01-23,13933
2014-01-24,13717.79981
2014-01-27,13582.29981
2014-01-28,13687.7002
2014-01-29,13643.2002
2014-01-30,13735.29981
2014-01-31,13694.90039
2014-02-03,13486.2002
2014-02-04,13504.5
2014-02-05,13559.7002
2014-02-06,13713.40039
2014-02-07,13786.5
2014-02-10,13794.2002
2014-02-11,13881
2014-02-12,13900.5
2014-02-13,14001.7002
2014-02-14,14054.79981
2014-02-18,14077.5
2014-02-19,14119.7002
2014-02-20,14210.40039
2014-02-21,14205.7002
2014-02-24,14227.09961
2014-02-25,14189
2014-02-26,14188.59961
2014-02-27,14214.7002
2014-02-28,14209.59961
2014-03-03,14212.7002
2014-03-04,14289.90039
2014-03-05,14304.2002
2014-03-06,14271.90039
2014-03-07,14299.09961
2014-03-10,14302.09961
2014-03-11,14267.2002
2014-03-12,14319
2014-03-13,14245.09961
2014-03-14,14227.7002
2014-03-17,14231.90039
2014-03-18,14369
2014-03-19,14334
2014-03-20,14361.79981
2014-03-21,14335.79981
2014-03-24,14278.59961
2014-03-25,14299.5
2014-03-26,14184.09961
2014-03-27,14178.79981
2014-03-28,14260.7002
2014-03-31,14335.29981
2014-04-01,14380.59961
2014-04-02,14459.09961
2014-04-03,14402.2002
2014-04-04,14393.09961
2014-04-07,14270.29981
2014-04-08,14372.5
2014-04-09,14435.59961
2014-04-10,14308
2014-04-11,14257.7002
2014-04-14,14284.40039
2014-04-15,14303.90039
2014-04-16,14446.5
2014-04-17,14500.40039
2014-04-21,14493.7002
2014-04-22,14556
2014-04-23,14533.40039
2014-04-24,14554.29981
2014-04-25,14533.59961
2014-04-28,14530.90039
2014-04-29,14583.09961
2014-04-30,14651.90039
2014-05-01,14664.09961
2014-05-02,14765.2002
2014-05-05,14697
2014-05-06,14612.29981
2014-05-07,14656.40039
2014-05-08,14546
2014-05-09,14534.09961
2014-05-12,14654.90039
2014-05-13,14679.79981
2014-05-14,14673.7002
2014-05-15,14588.90039
2014-05-16,14514.7002
2014-05-20,14525.2002
2014-05-21,14649.90039
2014-05-22,14702.29981
2014-05-23,14708.09961
2014-05-26,14715.7002
2014-05-27,14658
2014-05-28,14611
2014-05-29,14589
2014-05-30,14604.2002
2014-06-02,14680.79981
2014-06-03,14734.7002
2014-06-04,14796.79981
2014-06-05,14800.2002
2014-06-06,14838.90039
2014-06-09,14871.2002
2014-06-10,14904.40039
2014-06-11,14892.09961
2014-06-12,14909.59961
2014-06-13,15001.59961
2014-06-16,15040.40039
2014-06-17,15055.90039
2014-06-18,15109.29981
2014-06-19,15112.2002
2014-06-20,15109
2014-06-23,15105.59961
2014-06-24,14962.40039
2014-06-25,14974.7002
2014-06-26,15030.7002
2014-06-27,15094.29981
2014-06-30,15146
2014-07-02,15209.79981
2014-07-03,15207.09961
2014-07-04,15215
2014-07-07,15172.90039
2014-07-08,15137.2002
2014-07-09,15215.2002
2014-07-10,15114.5
2014-07-11,15125.5
2014-07-14,15171.2002
2014-07-15,15081.29981
2014-07-16,15226.29981
2014-07-17,15204.5
2014-07-18,15266.59961
2014-07-21,15250
2014-07-22,15315.09961
2014-07-23,15394.40039
2014-07-24,15394.5
2014-07-25,15455
2014-07-28,15445.2002
2014-07-29,15446.59961
2014-07-30,15524.79981
2014-07-31,15330.7002
2014-08-01,15215.29981
2014-08-05,15187.7002
2014-08-06,15202.09961
2014-08-07,15118.40039
2014-08-08,15196.29981
2014-08-11,15261.59961
2014-08-12,15274.2002
2014-08-13,15262.7002
2014-08-14,15291.2002
2014-08-15,15304.2002
2014-08-18,15338.5
2014-08-19,15477.2002
2014-08-20,15562
2014-08-21,15556.09961
2014-08-22,15535.59961
2014-08-25,15598.7002
2014-08-26,15619.2002
2014-08-27,15602.7002
2014-08-28,15558.2002
2014-08-29,15625.7002
2014-09-02,15619.09961
2014-09-03,15657.59961
2014-09-04,15576.79981
2014-09-05,15569.90039
2014-09-08,15509.40039
2014-09-09,15536.79981
2014-09-10,15471.90039
2014-09-11,15534.29981
2014-09-12,15531.59961
2014-09-15,15482.59961
2014-09-16,15510.5
2014-09-17,15458.90039
2014-09-18,15465.5
2014-09-19,15265.40039
2014-09-22,15129
2014-09-23,15125.7002
2014-09-24,15120.5
2014-09-25,14893.59961
2014-09-26,15026.79981
2014-09-29,14976.90039
2014-09-30,14960.5
2014-10-01,14805.40039
2014-10-02,14760.59961
2014-10-03,14789.79981
2014-10-06,14743.09961
2014-10-07,14576.5
2014-10-08,14666.5
2014-10-09,14460.59961
2014-10-10,14227.40039
2014-10-14,14036.7002
2014-10-15,13869.90039
2014-10-16,14053
2014-10-17,14227.7002
2014-10-20,14337.79981
2014-10-21,14547.7002
2014-10-22,14312.09961
2014-10-23,14486.79981
2014-10-24,14543.79981
2014-10-27,14469
2014-10-28,14624.29981
2014-10-29,14527.59961
2014-10-30,14458.7002
2014-10-31,14613.29981
2014-11-03,14537.59961
2014-11-04,14390.40039
2014-11-05,14548.29981
2014-11-06,14563.40039
2014-11-07,14690.79981
2014-11-10,14709.79981
2014-11-11,14760.29981
2014-11-12,14856.2002
2014-11-13,14778.79981
2014-11-14,14843.09961
2014-11-17,14882.5
2014-11-18,14973
2014-11-19,14980.2002
2014-11-20,15075.2002
2014-11-21,15111.09961
2014-11-24,15015.40039
2014-11-25,15073.7002
2014-11-26,15038.40039
2014-11-27,14922.40039
2014-11-28,14744.7002
2014-12-01,14625.29981
2014-12-02,14620.09961
2014-12-03,14754.09961
2014-12-04,14583.40039
2014-12-05,14473.7002
2014-12-08,14144.2002
2014-12-09,14195.7002
2014-12-10,13853
2014-12-11,13905.09961
2014-12-12,13731.09961
2014-12-15,13705.09961
2014-12-16,13861.5
2014-12-17,14213.90039
2014-12-18,14346.79981
2014-12-19,14468.29981
2014-12-22,14432.40039
2014-12-23,14594
2014-12-24,14609.29981
2014-12-29,14663.90039
2014-12-30,14640
2014-12-31,14632.40039
2015-01-02,14753.7002
2015-01-05,14392.7002
2015-01-06,14246.79981
2015-01-07,14285
2015-01-08,14457.7002
2015-01-09,14384.90039
2015-01-12,14265
2015-01-13,14187.2002
2015-01-14,14084.40039
2015-01-15,14041.79981
2015-01-16,14309.40039
2015-01-19,14312.5
2015-01-20,14308.40039
2015-01-21,14560.40039
2015-01-22,14764
2015-01-23,14779.40039
2015-01-26,14797.79981
2015-01-27,14833.90039
2015-01-28,14602.90039
2015-01-29,14637.29981
2015-01-30,14673.5
2015-02-02,14900.5
2015-02-03,15062.90039
2015-02-04,14995.7002
2015-02-05,15124.90039
2015-02-06,15083.90039
2015-02-09,15100.7002
2015-02-10,15112.5
2015-02-11,15151.5
2015-02-12,15228.5
2015-02-13,15264.79981
2015-02-17,15284.59961
2015-02-18,15212.79981
2015-02-19,15180.29981
2015-02-20,15172.2002
2015-02-23,15200.29981
2015-02-24,15165
2015-02-25,15228.59961
2015-02-26,15241.2002
2015-02-27,15234.29981
2015-03-02,15264.09961
2015-03-03,15133.90039
2015-03-04,15082.79981
2015-03-05,15103.09961
2015-03-06,14952.5
2015-03-09,14854.5
2015-03-10,14641.79981
2015-03-11,14739.2002
2015-03-12,14770.7002
2015-03-13,14731.5
2015-03-16,14862.79981
2015-03-17,14898.5
2015-03-18,14962.2002
2015-03-19,14873.90039
2015-03-20,14942.40039
2015-03-23,14957.2002
2015-03-24,15081.29981
2015-03-25,14929.40039
2015-03-26,14869.79981
2015-03-27,14812.40039
2015-03-30,14908.40039
2015-03-31,14902.40039
2015-04-01,14942.59961
2015-04-02,15026.59961
2015-04-06,15100.7002
2015-04-07,15188.79981
2015-04-08,15213.59961
2015-04-09,15326.29981
2015-04-10,15388.40039
2015-04-13,15383.59961
2015-04-14,15389.29981
2015-04-15,15450.90039
2015-04-16,15386.79981
2015-04-17,15360.59961
2015-04-20,15412.59961
2015-04-21,15346.40039
2015-04-22,15304.79981
2015-04-23,15392.40039
2015-04-24,15408.29981
2015-04-27,15344.09961
2015-04-28,15346.09961
2015-04-29,15347.29981
2015-04-30,15224.5
2015-05-01,15339.79981
2015-05-04,15367.5
2015-05-05,15173.90039
2015-05-06,15023.90039
2015-05-07,15088.79981
2015-05-08,15170
2015-05-11,15152.59961
2015-05-12,15043.2002
2015-05-13,14980.7002
2015-05-14,15028.09961
2015-05-15,15108.09961
2015-05-19,15121
2015-05-20,15072.79981
2015-05-21,15203.59961
2015-05-22,15200.79981
2015-05-25,15187.40039
2015-05-26,15050.79981
2015-05-27,15110.5
2015-05-28,15107
2015-05-29,15014.09961
2015-06-01,15074.09961
2015-06-02,15104.7002
2015-06-03,15154.7002
2015-06-04,15019.40039
2015-06-05,14957.2002
2015-06-08,14743.29981
2015-06-09,14817.7002
2015-06-10,14889
2015-06-11,14830.90039
2015-06-12,14741.2002
2015-06-15,14756.09961
2015-06-16,14753.09961
2015-06-17,14733
2015-06-18,14770.59961
2015-06-19,14653.09961
2015-06-22,14790.5
2015-06-23,14904.90039
2015-06-24,14947.5
2015-06-25,14897.5
2015-06-26,14808.09961
2015-06-29,14490.2002
2015-06-30,14553.29981
2015-07-02,14638
2015-07-03,14682.40039
2015-07-06,14593.59961
2015-07-07,14624.5
2015-07-08,14412.09961
2015-07-09,14278.5
2015-07-10,14411.09961
2015-07-13,14533.2002
2015-07-14,14599.40039
2015-07-15,14662.29981
2015-07-16,14731.09961
2015-07-17,14642.79981
2015-07-20,14425.59961
2015-07-21,14376.2002
2015-07-22,14307.09961
2015-07-23,14265.40039
2015-07-24,14186.2002
2015-07-27,14001.40039
2015-07-28,14077.40039
2015-07-29,14301.79981
2015-07-30,14382.79981
2015-07-31,14468.40039
2015-08-04,14491.09961
2015-08-05,14503
2015-08-06,14405.90039
2015-08-07,14302.7002
2015-08-10,14466.40039
2015-08-11,14414.7002
2015-08-12,14339.5
2015-08-13,14238.40039
2015-08-14,14277.90039
2015-08-17,14251.5
2015-08-18,14193.90039
2015-08-19,14036.59961
2015-08-20,13737
2015-08-21,13473.7002
2015-08-24,13052.7002
2015-08-25,13150.90039
2015-08-26,13381.59961
2015-08-27,13766.7002
2015-08-28,13865.09961
2015-08-31,13859.09961
2015-09-01,13481.90039
2015-09-02,13545.29981
2015-09-03,13596.40039
2015-09-04,13478.29981
2015-09-08,13630.7002
2015-09-09,13531.90039
2015-09-10,13569.90039
2015-09-11,13461.5
2015-09-14,13353.29981
2015-09-15,13462.7002
2015-09-16,13763.79981
2015-09-17,13787.2002
2015-09-18,13646.90039
2015-09-21,13779.40039
2015-09-22,13491.09961
2015-09-23,13383.7002
2015-09-24,13338.7002
2015-09-25,13378.59961
2015-09-28,13004.59961
2015-09-29,13037
2015-09-30,13307
2015-10-01,13241.90039
2015-10-02,13339.7002
2015-10-05,13552.2002
2015-10-06,13647.29981
2015-10-07,13868.40039
2015-10-08,13978.7002
2015-10-09,13964.40039
2015-10-13,13844.7002
2015-10-14,13875.29981
2015-10-15,13829
2015-10-16,13838.09961
2015-10-19,13758.40039
2015-10-20,13841.90039
2015-10-21,13704.2002
2015-10-22,13878.09961
2015-10-23,13953.7002
2015-10-26,13790.90039
2015-10-27,13699.59961
2015-10-28,13863.2002
2015-10-29,13791.90039
2015-10-30,13529.2002
2015-11-02,13623
2015-11-03,13710.29981
2015-11-04,13661.79981
2015-11-05,13558.79981
2015-11-06,13553.29981
2015-11-09,13482.59961
2015-11-10,13411.59961
2015-11-11,13341.90039
2015-11-12,13127.2002
2015-11-13,13075.40039
2015-11-16,13317.5
2015-11-17,13280.40039
2015-11-18,13400
2015-11-19,13473.79981
2015-11-20,13433.5
2015-11-23,13382.40039
2015-11-24,13407.79981
2015-11-25,13403.40039
2015-11-26,13425.2002
2015-11-27,13368.2002
2015-11-30,13469.79981
2015-12-01,13636.09961
2015-12-02,13463.79981
2015-12-03,13324.7002
2015-12-04,13358.79981
2015-12-07,13042.79981
2015-12-08,12922.5
2015-12-09,12937.59961
2015-12-10,13016.59961
2015-12-11,12790
2015-12-14,12695.5
2015-12-15,12919.59961
2015-12-16,13166.09961
2015-12-17,13009.90039
2015-12-18,13024.29981
2015-12-21,13034.40039
2015-12-22,13082.90039
2015-12-23,13284.90039
2015-12-24,13309.79981
2015-12-29,13245.79981
2015-12-30,13142.29981
2015-12-31,13010
2016-01-04,12927.2002
2016-01-05,12920.09961
2016-01-06,12726.79981
2016-01-07,12448.2002
2016-01-08,12445.5
2016-01-11,12319.29981
2016-01-12,12373.90039
2016-01-13,12170.40039
2016-01-14,12336
2016-01-15,12073.5
2016-01-18,11942.2002
2016-01-19,12002.2002
2016-01-20,11843.09961
2016-01-21,12035.90039
2016-01-22,12389.59961
2016-01-25,12143.2002
2016-01-26,12331.29981
2016-01-27,12377.79981
2016-01-28,12591.90039
2016-01-29,12822.09961
2016-02-01,12674.40039
2016-02-02,12442.29981
2016-02-03,12593
2016-02-04,12774.5
2016-02-05,12764
2016-02-08,12535.40039
2016-02-09,12282.7002
2016-02-10,12185.7002
2016-02-11,12087.40039
2016-02-12,12381.2002
2016-02-16,12555
2016-02-17,12867.2002
2016-02-18,12931.40039
2016-02-19,12813.40039
2016-02-22,12845.59961
2016-02-23,12763.40039
2016-02-24,12740.29981
2016-02-25,12753.59961
2016-02-26,12797.79981
2016-02-29,12860.40039
2016-03-01,12982.09961
2016-03-02,13017.90039
2016-03-03,13123.7002
2016-03-04,13212.5
2016-03-07,13383.59961
2016-03-08,13311.09961
2016-03-09,13392.90039
2016-03-10,13379.09961
2016-03-11,13522
2016-03-14,13477.5
2016-03-15,13400.29981
2016-03-16,13478.09961
2016-03-17,13621.29981
2016-03-18,13497.09961
2016-03-21,13561.09961
2016-03-22,13493.5
2016-03-23,13379.5
2016-03-24,13358.09961
2016-03-28,13390.2002
2016-03-29,13426.2002
2016-03-30,13504
2016-03-31,13494.40039
2016-04-01,13440.40039
2016-04-04,13336.2002
2016-04-05,13304.7002
2016-04-06,13347.5
2016-04-07,13266.40039
2016-04-08,13396.7002
2016-04-11,13422.79981
2016-04-12,13581.40039
2016-04-13,13671.40039
2016-04-14,13668.29981
2016-04-15,13637.2002
2016-04-18,13719.79981
2016-04-19,13867.29981
2016-04-20,13911.29981
2016-04-21,13881.2002
2016-04-22,13874
2016-04-25,13796
2016-04-26,13809.40039
2016-04-27,13887.7002
2016-04-28,13886.40039
2016-04-29,13951.5
2016-05-02,13865.59961
2016-05-03,13707.7002
2016-05-04,13632
2016-05-05,13632
2016-05-06,13701.5
2016-05-09,13563.79981
2016-05-10,13775.2002
2016-05-11,13788.2002
2016-05-12,13787.79981
2016-05-13,13748.59961
2016-05-16,13893.5
2016-05-17,13917.09961
2016-05-18,13826
2016-05-19,13817.29981
2016-05-20,13919.59961
2016-05-24,13952.90039
2016-05-25,14053.7002
2016-05-26,14049.2002
2016-05-27,14105.2002
2016-05-30,14086.7002
2016-05-31,14065.79981
2016-06-01,14063.5
2016-06-02,14137
2016-06-03,14226.79981
2016-06-06,14276.2002
2016-06-07,14365.59961
2016-06-08,14313.09961
2016-06-09,14240
2016-06-10,14037.5
2016-06-13,13993.90039
2016-06-14,13884.2002
2016-06-15,13923.5
2016-06-16,13882.40039
2016-06-17,13901.79981
2016-06-20,14015.09961
2016-06-21,14012.29981
2016-06-22,14003.79981
2016-06-23,14131.40039
2016-06-24,13891.90039
2016-06-27,13689.79981
2016-06-28,13842.7002
2016-06-29,14036.7002
2016-06-30,14064.5
2016-07-04,14258.90039
2016-07-05,14219.59961
2016-07-06,14231.09961
2016-07-07,14134.5
2016-07-08,14259.79981
2016-07-11,14361.90039
2016-07-12,14477.7002
2016-07-13,14493.79981
2016-07-14,14514.5
2016-07-15,14482.40039
2016-07-18,14532.40039
2016-07-19,14524.59961
2016-07-20,14533.59961
2016-07-21,14565.79981
2016-07-22,14600.7002
2016-07-25,14498.09961
2016-07-26,14550
2016-07-27,14546.5
2016-07-28,14552.7002
2016-07-29,14582.7002
2016-08-02,14477
2016-08-03,14512.09961
2016-08-04,14528.79981
2016-08-05,14648.79981
2016-08-08,14755.59961
2016-08-09,14801.2002
2016-08-10,14775
2016-08-11,14796.09961
2016-08-12,14747.5
2016-08-15,14777
2016-08-16,14703.40039
2016-08-17,14697.59961
2016-08-18,14695.7002
2016-08-19,14687.5
2016-08-22,14748.2002
2016-08-23,14764.79981
2016-08-24,14626.2002
2016-08-25,14630.7002
2016-08-26,14639.90039
2016-08-29,14682
2016-08-30,14684.90039
2016-08-31,14598
2016-09-01,14683.90039
2016-09-02,14795.7002
2016-09-06,14813
2016-09-07,14796.79981
2016-09-08,14803.29981
2016-09-09,14540
2016-09-12,14597.09961
2016-09-13,14349.09961
2016-09-14,14366.5
2016-09-15,14503.7002
2016-09-16,14450.7002
2016-09-19,14496.2002
2016-09-20,14522
2016-09-21,14710.79981
2016-09-22,14797.2002
2016-09-23,14697.90039
2016-09-26,14619.5
2016-09-27,14558
2016-09-28,14731.40039
2016-09-29,14754.59961
2016-09-30,14725.90039
2016-10-03,14689
2016-10-04,14521
2016-10-05,14610.59961
2016-10-06,14595.5
2016-10-07,14566.29981
2016-10-11,14549.59961
2016-10-12,14619
2016-10-13,14643.7002
2016-10-14,14585
2016-10-17,14596.5
2016-10-18,14752.29981
2016-10-19,14840.5
2016-10-20,14847.90039
2016-10-21,14939
2016-10-24,14923
2016-10-25,14870.59961
2016-10-26,14807.59961
2016-10-27,14833.79981
2016-10-28,14785.29981
2016-10-31,14787.29981
2016-11-01,14778.29981
2016-11-02,14594.7002
2016-11-03,14583.40039
2016-11-04,14509.29981
2016-11-07,14652.5
2016-11-08,14656.79981
2016-11-09,14759.90039
2016-11-10,14744.29981
2016-11-11,14555.40039
2016-11-14,14598.5
2016-11-15,14756.09961
2016-11-16,14733.2002
2016-11-17,14826.09961
2016-11-18,14864
2016-11-21,15039.90039
2016-11-22,15100.40039
2016-11-23,15080.90039
2016-11-24,15075.2002
2016-11-25,15075.40039
2016-11-28,15015.40039
2016-11-29,14999.79981
2016-11-30,15082.90039
2016-12-01,15027.5
2016-12-02,15052.5
2016-12-05,15095.2002
2016-12-06,15125.79981
2016-12-07,15237.79981
2016-12-08,15295.2002
2016-12-09,15312.2002
2016-12-12,15287.7002
2016-12-13,15385.29981
2016-12-14,15197.2002
2016-12-15,15218.29981
2016-12-16,15252.2002
2016-12-19,15269.90039
2016-12-20,15293
2016-12-21,15305.90039
2016-12-22,15335.2002
2016-12-23,15328.2002
2016-12-28,15361.09961
2016-12-29,15422.09961
2016-12-30,15287.59961
2017-01-03,15403
2017-01-04,15516.79981
2017-01-05,15586.59961
2017-01-06,15496.09961
2017-01-09,15389
2017-01-10,15426.29981
2017-01-11,15491.5
2017-01-12,15418.2002
2017-01-13,15497.29981
2017-01-16,15479.29981
2017-01-17,15441.40039
2017-01-18,15397.90039
2017-01-19,15409.79981
2017-01-20,15547.90039
2017-01-23,15480.09961
2017-01-24,15610.7002
2017-01-25,15643.79981
2017-01-26,15615.5
2017-01-27,15575.79981
2017-01-30,15405.09961
2017-01-31,15386
2017-02-01,15402.40039
2017-02-02,15399.09961
2017-02-03,15476.40039
2017-02-06,15456.90039
2017-02-07,15498.79981
2017-02-08,15554
2017-02-09,15617.29981
2017-02-10,15729.09961
2017-02-13,15756.59961
2017-02-14,15786
2017-02-15,15845
2017-02-16,15864.2002
2017-02-17,15838.59961
2017-02-21,15922.40039
2017-02-22,15830.2002
2017-02-23,15781.2002
2017-02-24,15533.5
2017-02-27,15463.5
2017-02-28,15399.2002
2017-03-01,15599.7002
2017-03-02,15536.7002
2017-03-03,15608.5
2017-03-06,15629.79981
2017-03-07,15608.79981
2017-03-08,15497
2017-03-09,15496.79981
2017-03-10,15506.7002
2017-03-13,15544.79981
2017-03-14,15379.59961
2017-03-15,15520.90039
2017-03-16,15562.40039
2017-03-17,15490.5
2017-03-20,15442.29981
2017-03-21,15313.09961
2017-03-22,15348.5
2017-03-23,15433.59961
2017-03-24,15442.7002
2017-03-27,15506.2002
2017-03-28,15598.59961
2017-03-29,15657.59961
2017-03-30,15578.79981
2017-03-31,15547.79981
2017-04-03,15584.40039
2017-04-04,15669.09961
2017-04-05,15643
2017-04-06,15697.2002
2017-04-07,15667.09961
2017-04-10,15730.79981
2017-04-11,15727.09961
2017-04-12,15648.40039
2017-04-13,15535.5
2017-04-17,15684.90039
2017-04-18,15622.59961
2017-04-19,15552.90039
2017-04-20,15625.59961
2017-04-21,15614.5
2017-04-24,15712.5
2017-04-25,15745.2002
2017-04-26,15649.5
2017-04-27,15506.5
2017-04-28,15586.09961
2017-05-01,15575.59961
2017-05-02,15619.7002
2017-05-03,15543.09961
2017-05-04,15396.7002
2017-05-05,15582
2017-05-08,15652.09961
2017-05-09,15569.2002
2017-05-10,15633.2002
2017-05-11,15550.59961
2017-05-12,15537.90039
2017-05-15,15629.5
2017-05-16,15543.29981
2017-05-17,15273.7002
2017-05-18,15277.2002
2017-05-19,15458.5
2017-05-23,15476.90039
2017-05-24,15419.5
2017-05-25,15410.7002
2017-05-26,15416.90039
2017-05-29,15421.90039
2017-05-30,15372.40039
2017-05-31,15349.90039
2017-06-01,15469.90039
2017-06-02,15442.79981
2017-06-05,15409.79981
2017-06-06,15464.59961
2017-06-07,15372.09961
2017-06-08,15423.09961
2017-06-09,15473.2002
2017-06-12,15383.79981
2017-06-13,15379.79981
2017-06-14,15170.09961
2017-06-15,15160.40039
2017-06-16,15192.5
2017-06-19,15266
2017-06-20,15149.59961
2017-06-21,15148.5
2017-06-22,15219.90039
2017-06-23,15319.59961
2017-06-26,15316
2017-06-27,15281.2002
2017-06-28,15355.59961
2017-06-29,15213.40039
2017-06-30,15182.2002
2017-07-04,15130.59961
2017-07-05,15153.09961
2017-07-06,15078
2017-07-07,15027.2002
2017-07-10,15105.29981
2017-07-11,15149.09961
2017-07-12,15144
2017-07-13,15135
2017-07-14,15174.79981
2017-07-17,15165.40039
2017-07-18,15149.59961
2017-07-19,15244.7002
2017-07-20,15264.59961
2017-07-21,15183.09961
2017-07-24,15128.7002
2017-07-25,15202.40039
2017-07-26,15171.40039
2017-07-27,15191.40039
2017-07-28,15128.7002
2017-07-31,15143.90039
2017-08-01,15202.09961
2017-08-02,15265.59961
2017-08-03,15192
2017-08-04,15258
2017-08-08,15256.40039
2017-08-09,15217.29981
2017-08-10,15074.29981
2017-08-11,15033.40039
2017-08-14,15119.90039
2017-08-15,15097.79981
2017-08-16,15082.2002
2017-08-17,15033.59961
2017-08-18,14952.29981
2017-08-21,14951.90039
2017-08-22,14985
2017-08-23,15063.2002
2017-08-24,15076.2002
2017-08-25,15056
2017-08-28,15052
2017-08-29,15082.7002
2017-08-30,15133.09961
2017-08-31,15211.90039
2017-09-01,15191.59961
2017-09-05,15090.2002
2017-09-06,15059.79981
2017-09-07,15024.5
2017-09-08,14985.29981
2017-09-11,15040.29981
2017-09-12,15143.40039
2017-09-13,15126.79981
2017-09-14,15172.7002
2017-09-15,15173
2017-09-18,15236.7002
2017-09-19,15293
2017-09-20,15389.59961
2017-09-21,15454.90039
2017-09-22,15454.2002
2017-09-25,15516.2002
2017-09-26,15474.09961
2017-09-27,15609.7002
2017-09-28,15618.29981
2017-09-29,15634.90039
2017-10-02,15705
2017-10-03,15728.5
2017-10-04,15721
2017-10-05,15776.29981
2017-10-06,15728.29981
2017-10-10,15770.40039
2017-10-11,15800.40039
2017-10-12,15742.2002
2017-10-13,15807.2002
2017-10-16,15802.7002
2017-10-17,15816.90039
2017-10-18,15782.2002
2017-10-19,15818
2017-10-20,15857.2002
2017-10-23,15855.79981
2017-10-24,15905.09961
2017-10-25,15854.79981
2017-10-26,15891.59961
2017-10-27,15953.5
2017-10-30,16002.79981
2017-10-31,16025.59961
2017-11-01,16029.29981
2017-11-02,16015
2017-11-03,16020.2002
2017-11-06,16092.2002
2017-11-07,16131.79981
2017-11-08,16105.40039
2017-11-09,16082.09961
2017-11-10,16039.29981
2017-11-13,16026.29981
2017-11-14,15913.09961
2017-11-15,15878.5
2017-11-16,15935.40039
2017-11-17,15998.59961
2017-11-20,16004.40039
2017-11-21,16076.7002
2017-11-22,16073.59961
2017-11-23,16074.29981
2017-11-24,16108.09961
2017-11-27,16042.09961
2017-11-28,16029.59961
2017-11-29,15967.7002
2017-11-30,16067.5
2017-12-01,16039
2017-12-04,15969
2017-12-05,15915.7002
2017-12-06,15908.79981
2017-12-07,16015.7002
2017-12-08,16096.09961
2017-12-11,16103.5
2017-12-12,16114
2017-12-13,16136.59961
2017-12-14,16016.5
2017-12-15,16042
2017-12-18,16131.59961
2017-12-19,16133.40039
2017-12-20,16159.7002
2017-12-21,16182.59961
2017-12-22,16165.29981
2017-12-27,16203.09961
2017-12-28,16222
2017-12-29,16209.09961
2018-01-02,16310
2018-01-03,16371.59961
2018-01-04,16412.90039
2018-01-05,16349.40039
2018-01-08,16317.7002
2018-01-09,16319.2002
2018-01-10,16248
2018-01-11,16286.90039
2018-01-12,16308.2002
2018-01-15,16371.79981
2018-01-16,16298.90039
2018-01-17,16326.7002
2018-01-18,16284.5
2018-01-19,16353.5
2018-01-22,16348
2018-01-23,16357.59961
2018-01-24,16284.2002
2018-01-25,16204
2018-01-26,16239.2002
2018-01-29,16094.7002
2018-01-30,15955.5
2018-01-31,15951.7002
2018-02-01,15860.90039
2018-02-02,15606
2018-02-05,15334.79981
2018-02-06,15363.90039
2018-02-07,15330.59961
2018-02-08,15065.59961
2018-02-09,15034.5
2018-02-12,15241.90039
2018-02-13,15216.5
2018-02-14,15328.29981
2018-02-15,15407.7002
2018-02-16,15452.59961
2018-02-20,15439.40039
2018-02-21,15524
2018-02-22,15508.2002
2018-02-23,15638.5
2018-02-26,15714.7002
2018-02-27,15671.2002
2018-02-28,15442.7002
2018-03-01,15394
2018-03-02,15384.59961
2018-03-05,15541.29981
2018-03-06,15545.2002
2018-03-07,15472.59961
2018-03-08,15538.7002
2018-03-09,15577.79981
2018-03-12,15604.79981
2018-03-13,15647.09961
2018-03-14,15653.59961
2018-03-15,15670.59961
2018-03-16,15711.29981
2018-03-19,15589.40039
2018-03-20,15616.40039
2018-03-21,15675.29981
2018-03-22,15399.90039
2018-03-23,15223.7002
2018-03-26,15298.59961
2018-03-27,15216.2002
2018-03-28,15169.90039
2018-03-29,15367.29981
2018-04-02,15213.5
2018-04-03,15180.79981
2018-04-04,15164.40039
2018-04-05,15356.09961
2018-04-06,15207.40039
2018-04-09,15227.7002
2018-04-10,15262.09961
2018-04-11,15257.90039
2018-04-12,15269.29981
2018-04-13,15274
2018-04-16,15300.40039
2018-04-17,15353.29981
2018-04-18,15530
2018-04-19,15454.40039
2018-04-20,15484.29981
2018-04-23,15552.09961
2018-04-24,15477
2018-04-25,15509.79981
2018-04-26,15637.59961
2018-04-27,15668.90039
2018-04-30,15607.90039
2018-05-01,15618.90039
2018-05-02,15627.90039
2018-05-03,15621.5
2018-05-04,15729.40039
2018-05-07,15808.59961
2018-05-08,15842.7002
2018-05-09,15910.79981
2018-05-10,15959.5
2018-05-11,15983.29981
2018-05-14,16085.59961
2018-05-15,16097.79981
2018-05-16,16108.09961
2018-05-17,16143.59961
2018-05-18,16162.29981
2018-05-22,16144.79981
2018-05-23,16133.79981
2018-05-24,16113.59961
2018-05-25,16075.7002
2018-05-28,16016.09961
2018-05-29,15922.59961
2018-05-30,16048.7002
2018-05-31,16061.5
2018-06-01,16043.5
2018-06-04,16052.2002
2018-06-05,16122.29981
2018-06-06,16183.90039
2018-06-07,16192.79981
2018-06-08,16202.7002
2018-06-11,16263.29981
2018-06-12,16289
2018-06-13,16265.79981
2018-06-14,16329
2018-06-15,16314.40039
2018-06-18,16383.59961
2018-06-19,16316.5
2018-06-20,16421
2018-06-21,16335.2002
2018-06-22,16450.09961
2018-06-25,16184
2018-06-26,16280.09961
2018-06-27,16231.29981
2018-06-28,16179.90039
2018-06-29,16277.7002
2018-07-03,16263.2002
2018-07-04,16304.7002
2018-07-05,16266.59961
2018-07-06,16371.79981
2018-07-09,16452.30078
2018-07-10,16548.69922
2018-07-11,16417.30078
2018-07-12,16567.40039
2018-07-13,16561.09961
2018-07-16,16494.69922
2018-07-17,16519.19922
2018-07-18,16477.40039
2018-07-19,16543
2018-07-20,16435.5
2018-07-23,16420.80078
2018-07-24,16390.09961
2018-07-25,16420.80078
2018-07-26,16455.69922
2018-07-27,16394
2018-07-30,16345.5
2018-07-31,16434
2018-08-01,16376.79981
2018-08-02,16409.19922
2018-08-03,16420.19922
2018-08-07,16286.29981
2018-08-08,16315.09961
2018-08-09,16417
2018-08-10,16326.5
2018-08-13,16250.79981
2018-08-14,16330.7002
2018-08-15,16148.5
2018-08-16,16225.7002
2018-08-17,16323.7002
2018-08-20,16331
2018-08-21,16297
2018-08-22,16347.29981
2018-08-23,16326.79981
2018-08-24,16356.09961
2018-08-27,16444.40039
2018-08-28,16355.5
2018-08-29,16390.30078
2018-08-30,16371.59961
2018-08-31,16262.90039
2018-09-04,16161.29981
2018-09-05,16137.59961
2018-09-06,16100.90039
2018-09-07,16090.29981
2018-09-10,16057.09961
2018-09-11,16094.29981
2018-09-12,16049
2018-09-13,16001.7002
2018-09-14,16013.5
2018-09-17,16082.29981
2018-09-18,16196
2018-09-19,16149.90039
2018-09-20,16214.79981
2018-09-21,16224.09961
2018-09-24,16207.29981
2018-09-25,16159.5
2018-09-26,16169.29981
2018-09-27,16204.59961
2018-09-28,16073.09961
2018-10-01,16104.40039
2018-10-02,16017.2002
2018-10-03,16072.09961
2018-10-04,16006.7002
2018-10-05,15946.2002
2018-10-09,15854.09961
2018-10-10,15517.40039
2018-10-11,15317.09961
2018-10-12,15414.29981
2018-10-15,15409.5
2018-10-16,15579.7002
2018-10-17,15529.90039
2018-10-18,15404.09961
2018-10-19,15470.09961
2018-10-22,15412.7002
2018-10-23,15285.2002
2018-10-24,14909.09961
2018-10-25,14924.09961
2018-10-26,14888.29981
2018-10-29,14721.79981
2018-10-30,14894.5
2018-10-31,15027.29981
2018-11-01,15150.2002
2018-11-02,15119.29981
2018-11-05,15217.7002
2018-11-06,15292.7002
2018-11-07,15369.40039
2018-11-08,15357.5
2018-11-09,15274.40039
2018-11-12,15156.40039
2018-11-13,15131.79981
2018-11-14,15133.09961
2018-11-15,15144.90039
2018-11-16,15155.5
2018-11-19,15071
2018-11-20,14877
2018-11-21,15095
2018-11-22,15091.59961
2018-11-23,15010.7002
2018-11-26,15012.7002
2018-11-27,14944.09961
2018-11-28,15171.29981
2018-11-29,15194
2018-11-30,15197.79981
2018-12-03,15275
2018-12-04,15063.59961
2018-12-05,15182.59961
2018-12-06,14937
2018-12-07,14795.09961
2018-12-10,14728.29981
2018-12-11,14667.79981
2018-12-12,14783.09961
2018-12-13,14750.40039
2018-12-14,14595.09961
2018-12-17,14362.7002
2018-12-18,14416.90039
2018-12-19,14264.09961
2018-12-20,14141.79981
2018-12-21,13935.40039
2018-12-24,13780.2002
2018-12-27,14165.2002
2018-12-28,14222
2018-12-31,14322.90039
2019-01-02,14347.2002
2019-01-03,14212.79981
2019-01-04,14426.59961
2019-01-07,14504.09961
2019-01-08,14605.2002
2019-01-09,14804.7002
2019-01-10,14903.5
2019-01-11,14939.2002
2019-01-14,14975.5
2019-01-15,15046.29981
2019-01-16,15111.29981
2019-01-17,15211.2002
2019-01-18,15303.79981
2019-01-21,15354.2002
2019-01-22,15233.79981
2019-01-23,15208.29981
2019-01-24,15280.79981
2019-01-25,15366.09961
2019-01-28,15378.59961
2019-01-29,15463.09961
2019-01-30,15484.59961
2019-01-31,15540.59961
2019-02-01,15506.29981
2019-02-04,15602.29981
2019-02-05,15702.7002
2019-02-06,15712.29981
2019-02-07,15703.40039
2019-02-08,15633.29981
2019-02-11,15568.90039
2019-02-12,15642.09961
2019-02-13,15626.7002
2019-02-14,15696
2019-02-15,15838.2002
2019-02-19,15937.40039
2019-02-20,16031.2002
2019-02-21,16000.90039
2019-02-22,16013
2019-02-25,16057
2019-02-26,16067.90039
2019-02-27,16074.29981
2019-02-28,15999
2019-03-01,16068.29981
2019-03-04,16038.09961
2019-03-05,16086.5
2019-03-06,16092.09961
2019-03-07,16056.5
2019-03-08,15996.2002
2019-03-11,16106.2002
2019-03-12,16136.7002
2019-03-13,16150
2019-03-14,16087.59961
2019-03-15,16140.40039
2019-03-18,16251.40039
2019-03-19,16188.09961
2019-03-20,16167.59961
2019-03-21,16244.59961
2019-03-22,16089.29981
2019-03-25,16065.90039
2019-03-26,16155.2002
2019-03-27,16132.5
2019-03-28,16155.5
2019-03-29,16102.09961
2019-04-01,16228.09961
2019-04-02,16263.90039
2019-04-03,16279.90039
2019-04-04,16311.59961
2019-04-05,16396.19922
2019-04-08,16407.30078
2019-04-09,16336.5
2019-04-10,16396.30078
2019-04-11,16399.5
2019-04-12,16480.5
2019-04-15,16515.5
2019-04-16,16502.19922
2019-04-17,16544.19922
2019-04-18,16612.80078
2019-04-22,16577.30078
2019-04-23,16669.40039
2019-04-24,16586.5
2019-04-25,16576.09961
2019-04-26,16613.5
2019-04-29,16600.40039
2019-04-30,16580.69922
2019-05-01,16502.80078
2019-05-02,16410.90039
2019-05-03,16494.40039
2019-05-06,16493.5
2019-05-07,16357.79981
2019-05-08,16397.40039
2019-05-09,16321.79981
2019-05-10,16297.59961
2019-05-13,16193.40039
2019-05-14,16284.5
2019-05-15,16318.09961
2019-05-16,16443.90039
2019-05-17,16401.80078
2019-05-21,16426.5
2019-05-22,16327.40039
2019-05-23,16164.59961
2019-05-24,16230
2019-05-27,16346.7002
2019-05-28,16297.5
2019-05-29,16131.5
2019-05-30,16089.2002
2019-05-31,16037.5
2019-06-03,16015.90039
2019-06-04,16166.2002
2019-06-05,16212.7002
2019-06-06,16227.79981
2019-06-07,16231
2019-06-10,16216.29981
2019-06-11,16248.79981
2019-06-12,16227.2002
2019-06-13,16239.29981
2019-06-14,16301.90039
2019-06-17,16353.5
2019-06-18,16503.40039
2019-06-19,16511.80078
2019-06-20,16574.80078
2019-06-21,16525.40039
2019-06-24,16523.5
2019-06-25,16371.29981
2019-06-26,16312.2002
2019-06-27,16307.7002
2019-06-28,16382.2002
2019-07-02,16471.30078
2019-07-03,16576.19922
2019-07-04,16588.90039
2019-07-05,16542
2019-07-08,16463
2019-07-09,16545.19922
2019-07-10,16563.30078
2019-07-11,16527.90039
2019-07-12,16488.09961
2019-07-15,16510.80078
2019-07-16,16502.40039
2019-07-17,16484.19922
2019-07-18,16494.19922
2019-07-19,16485.90039
2019-07-22,16518.90039
2019-07-23,16572.69922
2019-07-24,16611.80078
2019-07-25,16488.19922
2019-07-26,16531
2019-07-29,16492.19922
2019-07-30,16466.09961
2019-07-31,16406.59961
2019-08-01,16377
2019-08-02,16271.7002
2019-08-06,16149.5
2019-08-07,16265.2002
2019-08-08,16404.5
2019-08-09,16341.29981
2019-08-12,16237.79981
2019-08-13,16350.79981
2019-08-14,16045.90039
2019-08-15,16012.5
2019-08-16,16149.79981
2019-08-19,16304.09961
2019-08-20,16213.29981
2019-08-21,16309.2002
2019-08-22,16253.5
2019-08-23,16037.59961
2019-08-26,16098.79981
2019-08-27,16183.59961
2019-08-28,16271.7002
2019-08-29,16384.5
2019-08-30,16442.09961
2019-09-03,16399.19922
2019-09-04,16448.80078
2019-09-05,16574.80078
2019-09-06,16535.30078
2019-09-09,16495.09961
2019-09-10,16537.30078
2019-09-11,16611.09961
2019-09-12,16643.30078
2019-09-13,16682.40039
2019-09-16,16751.30078
2019-09-17,16834.80078
2019-09-18,16800.30078
2019-09-19,16858.40039
2019-09-20,16899.69922
2019-09-23,16867.19922
2019-09-24,16798.30078
2019-09-25,16784.30078
2019-09-26,16790.40039
2019-09-27,16694.30078
2019-09-30,16658.59961
2019-10-01,16447.69922
2019-10-02,16311
2019-10-03,16369
2019-10-04,16449.40039
2019-10-07,16421.80078
2019-10-08,16294
2019-10-09,16379.90039
2019-10-10,16422.69922
2019-10-11,16415.19922
2019-10-15,16418.40039
2019-10-16,16427.19922
2019-10-17,16426.30078
2019-10-18,16377.09961
2019-10-21,16418.5
2019-10-22,16391.5
2019-10-23,16335.90039
2019-10-24,16369.29981
2019-10-25,16404.5
2019-10-28,16387.5
2019-10-29,16418.09961
2019-10-30,16501.40039
2019-10-31,16483.19922
2019-11-01,16594.09961
2019-11-04,16669.80078
2019-11-05,16681.90039
2019-11-06,16745.59961
2019-11-07,16805.80078
2019-11-08,16877.40039
2019-11-11,16882.80078
2019-11-12,16909.40039
2019-11-13,16958
2019-11-14,16972.19922
2019-11-15,17028.5
2019-11-18,17025.09961
2019-11-19,17011.40039
2019-11-20,17005.80078
2019-11-21,16999.19922
2019-11-22,16954.80078
2019-11-25,17032.90039
2019-11-26,17035.90039
2019-11-27,17100.59961
2019-11-28,17114.5
2019-11-29,17040.19922
2019-12-02,16981.5
2019-12-03,16892.19922
2019-12-04,16897.30078
2019-12-05,16854.90039
2019-12-06,16997
2019-12-09,16950.90039
2019-12-10,16950.69922
2019-12-11,16939.59961
2019-12-12,16946.90039
2019-12-13,17003.09961
2019-12-16,17056.40039
2019-12-17,17075.19922
2019-12-18,17032
2019-12-19,17064
2019-12-20,17118.40039
2019-12-23,17128.69922
2019-12-24,17180.19922
2019-12-27,17168.19922
2019-12-30,17098.59961
2019-12-31,17063.40039
2020-01-02,17100
2020-01-03,17066.09961
2020-01-06,17105.5
2020-01-07,17168.09961
2020-01-08,17167.80078
2020-01-09,17235.59961
2020-01-10,17234.5
2020-01-13,17293.40039
2020-01-14,17352.90039
2020-01-15,17415.19922
2020-01-16,17484.80078
2020-01-17,17559
2020-01-20,17597.40039
2020-01-21,17572.30078
2020-01-22,17599.90039
2020-01-23,17621.80078
2020-01-24,17565.30078
2020-01-27,17442.5
2020-01-28,17500.90039
2020-01-29,17511.80078
2020-01-30,17490.59961
2020-01-31,17318.5
2020-02-03,17379.80078
2020-02-04,17512.69922
2020-02-05,17651.59961
2020-02-06,17757.5
2020-02-07,17655.5
2020-02-10,17740.59961
2020-02-11,17777.09961
2020-02-12,17832.90039
2020-02-13,17821.19922
2020-02-14,17848.40039
2020-02-18,17858.30078
2020-02-19,17925.40039
2020-02-20,17944.09961
2020-02-21,17843.5
2020-02-24,17562.69922
2020-02-25,17177.40039
2020-02-26,17041.90039
2020-02-27,16717.40039
2020-02-28,16263.09961
2020-03-02,16553.30078
2020-03-03,16423.59961
2020-03-04,16779.5
2020-03-05,16554
2020-03-06,16175
2020-03-09,14514.2002
2020-03-10,14958.09961
2020-03-11,14270.09961
2020-03-12,12508.5
2020-03-13,13716.29981
2020-03-16,12360.40039
2020-03-17,12685.2002
2020-03-18,11721.40039
2020-03-19,12170.5
2020-03-20,11851.79981
2020-03-23,11228.5
2020-03-24,12571.09961
2020-03-25,13139.2002
2020-03-26,13371.2002
2020-03-27,12687.7002
2020-03-30,13038.5
2020-03-31,13378.79981
2020-04-01,12876.40039
2020-04-02,13097.79981
2020-04-03,12938.29981
2020-04-06,13592.7002
2020-04-07,13614.09961
2020-04-08,13925.7002
2020-04-09,14166.59961
2020-04-13,14075.90039
2020-04-14,14258.40039
2020-04-15,13958.59961
2020-04-16,13899.29981
2020-04-17,14359.90039
2020-04-20,14388.29981
2020-04-21,13940.09961
2020-04-22,14288.2002
2020-04-23,14251.09961
2020-04-24,14420.40039
2020-04-27,14642.09961
2020-04-28,14798.29981
2020-04-29,15228.09961
2020-04-30,14780.7002
2020-05-01,14620.29981
2020-05-04,14745
2020-05-05,14811.59961
2020-05-06,14830.7002
2020-05-07,14833.7002
2020-05-08,14966.59961
2020-05-11,15103.2002
2020-05-12,14881.2002
2020-05-13,14503.2002
2020-05-14,14509.7002
2020-05-15,14638.90039
2020-05-19,14885.5
2020-05-20,14997.59961
2020-05-21,14884.90039
2020-05-22,14913.59961
2020-05-25,15075.40039
2020-05-26,15148.09961
2020-05-27,15272
2020-05-28,15262.7002
2020-05-29,15192.79981
2020-06-01,15236.2002
2020-06-02,15394.40039
2020-06-03,15575.09961
2020-06-04,15527.90039
2020-06-05,15854.09961
2020-06-08,15974.90039
2020-06-09,15833.7002
2020-06-10,15701.29981
2020-06-11,15050.90039
2020-06-12,15256.59961
2020-06-15,15359.7002
2020-06-16,15515.79981
2020-06-17,15428.7002
2020-06-18,15479.79981
2020-06-19,15474.2002
2020-06-22,15516.90039
2020-06-23,15564.79981
2020-06-24,15294.40039
2020-06-25,15446.09961
2020-06-26,15189
2020-06-29,15389.7002
2020-06-30,15515.2002
2020-07-02,15622.40039
2020-07-03,15596.79981
2020-07-06,15669.7002
2020-07-07,15595.5
2020-07-08,15629.2002
2020-07-09,15568.59961
2020-07-10,15713.79981
2020-07-13,15639.40039
2020-07-14,15908.5
2020-07-15,16063.29981
2020-07-16,16024.5
2020-07-17,16123.5
2020-07-20,16183.7002
2020-07-21,16163
2020-07-22,16171.09961
2020-07-23,16018.7002
2020-07-24,15997.09961
2020-07-27,16161.29981
2020-07-28,16121.29981
2020-07-29,16294.7002
2020-07-30,16299.29981
2020-07-31,16169.2002
2020-08-04,16368
2020-08-05,16501.59961
2020-08-06,16579.09961
2020-08-07,16544.5
2020-08-10,16605.5
2020-08-11,16497
2020-08-12,16575.30078
2020-08-13,16530.09961
2020-08-14,16514.59961
2020-08-17,16656.09961
2020-08-18,16626.09961
2020-08-19,16577.40039
2020-08-20,16606.80078
2020-08-21,16517.90039
2020-08-24,16626.59961
2020-08-25,16617.5
2020-08-26,16790
2020-08-27,16731.5
2020-08-28,16705.80078
2020-08-31,16514.40039
2020-09-01,16645
2020-09-02,16698
2020-09-03,16448.90039
2020-09-04,16218
2020-09-08,16099.5
2020-09-09,16383.59961
2020-09-10,16185.29981
2020-09-11,16222.5
2020-09-14,16360.09961
2020-09-15,16431.30078
2020-09-16,16295.7002
2020-09-17,16246.7002
2020-09-18,16199
2020-09-21,15981.79981
2020-09-22,16142.90039
2020-09-23,15817.09961
2020-09-24,15912.29981
2020-09-25,16065.40039
2020-09-28,16242.79981
2020-09-29,16211.5
2020-09-30,16121.40039
